{
  "id": "",
  "name": "",
  "font_family": "iconfont",
  "css_prefix_text": "icon-",
  "description": "",
  "glyphs": [
    {
      "icon_id": "765384",
      "name": "询问",
      "font_class": "shouye",
      "unicode": "e61f",
      "unicode_decimal": 58911
    },
    {
      "icon_id": "1929151",
      "name": "密码不一致",
      "font_class": "mimabuyizhi",
      "unicode": "e621",
      "unicode_decimal": 58913
    },
    {
      "icon_id": "3091986",
      "name": "密码隐藏",
      "font_class": "mimayincang",
      "unicode": "e774",
      "unicode_decimal": 59252
    },
    {
      "icon_id": "3287614",
      "name": "账户",
      "font_class": "icon-",
      "unicode": "e6e6",
      "unicode_decimal": 59110
    },
    {
      "icon_id": "6067193",
      "name": "喇叭",
      "font_class": "Z",
      "unicode": "e6b7",
      "unicode_decimal": 59063
    },
    {
      "icon_id": "6282758",
      "name": "密码显示",
      "font_class": "mimaxianshi",
      "unicode": "e6b4",
      "unicode_decimal": 59060
    },
    {
      "icon_id": "6544504",
      "name": "喇叭",
      "font_class": "laba",
      "unicode": "e6fd",
      "unicode_decimal": 59133
    },
    {
      "icon_id": "6677881",
      "name": "账户",
      "font_class": "zhanghu",
      "unicode": "e610",
      "unicode_decimal": 58896
    },
    {
      "icon_id": "10268405",
      "name": "密码_隐藏",
      "font_class": "mima_yincang",
      "unicode": "e666",
      "unicode_decimal": 58982
    },
    {
      "icon_id": "12646128",
      "name": "密码重置",
      "font_class": "mimazhongzhi",
      "unicode": "e731",
      "unicode_decimal": 59185
    },
    {
      "icon_id": "13579750",
      "name": "当季优惠",
      "font_class": "dangjiyouhui",
      "unicode": "e618",
      "unicode_decimal": 58904
    },
    {
      "icon_id": "13646837",
      "name": "邮箱",
      "font_class": "youxiang",
      "unicode": "e607",
      "unicode_decimal": 58887
    },
    {
      "icon_id": "13763395",
      "name": "密码可见",
      "font_class": "mimakejian",
      "unicode": "e612",
      "unicode_decimal": 58898
    },
    {
      "icon_id": "17822452",
      "name": "邮箱",
      "font_class": "youxiang1",
      "unicode": "e68b",
      "unicode_decimal": 59019
    },
    {
      "icon_id": "18202483",
      "name": "线性优惠券",
      "font_class": "xianxingyouhuiquan",
      "unicode": "e608",
      "unicode_decimal": 58888
    },
    {
      "icon_id": "18311746",
      "name": "邮箱",
      "font_class": "youxiang01",
      "unicode": "e660",
      "unicode_decimal": 58976
    },
    {
      "icon_id": "18460194",
      "name": "评论",
      "font_class": "pinglun",
      "unicode": "e601",
      "unicode_decimal": 58881
    },
    {
      "icon_id": "18460198",
      "name": "历史",
      "font_class": "lishi",
      "unicode": "e602",
      "unicode_decimal": 58882
    },
    {
      "icon_id": "18460200",
      "name": "收藏",
      "font_class": "shoucang",
      "unicode": "e603",
      "unicode_decimal": 58883
    },
    {
      "icon_id": "18460204",
      "name": "首页",
      "font_class": "shouye1",
      "unicode": "e604",
      "unicode_decimal": 58884
    },
    {
      "icon_id": "18460208",
      "name": "验证码",
      "font_class": "yanzhengma",
      "unicode": "e605",
      "unicode_decimal": 58885
    },
    {
      "icon_id": "18460210",
      "name": "我的",
      "font_class": "wode",
      "unicode": "e606",
      "unicode_decimal": 58886
    },
    {
      "icon_id": "18460213",
      "name": "作品",
      "font_class": "zuopin",
      "unicode": "e609",
      "unicode_decimal": 58889
    },
    {
      "icon_id": "18659488",
      "name": "密码状态",
      "font_class": "hanhan-01-01",
      "unicode": "e696",
      "unicode_decimal": 59030
    },
    {
      "icon_id": "18939020",
      "name": "提醒",
      "font_class": "tixing",
      "unicode": "e622",
      "unicode_decimal": 58914
    },
    {
      "icon_id": "18939022",
      "name": "首页",
      "font_class": "shouye2",
      "unicode": "e623",
      "unicode_decimal": 58915
    },
    {
      "icon_id": "18939034",
      "name": "推荐",
      "font_class": "tuijian",
      "unicode": "e625",
      "unicode_decimal": 58917
    }
  ]
}
