{
  "id": "",
  "name": "",
  "font_family": "iconfont",
  "css_prefix_text": "icon-",
  "description": "",
  "glyphs": [
    {
      "icon_id": "765384",
      "name": "询问",
      "font_class": "shouye",
      "unicode": "e61f",
      "unicode_decimal": 58911
    },
    {
      "icon_id": "778783",
      "name": "清除",
      "font_class": "qingchu",
      "unicode": "e616",
      "unicode_decimal": 58902
    },
    {
      "icon_id": "788028",
      "name": "主页",
      "font_class": "zhuye",
      "unicode": "e648",
      "unicode_decimal": 58952
    },
    {
      "icon_id": "901937",
      "name": "笑脸娃娃",
      "font_class": "xiaolianwawa",
      "unicode": "e607",
      "unicode_decimal": 58887
    },
    {
      "icon_id": "963948",
      "name": "二手设备",
      "font_class": "ershoushebei",
      "unicode": "e643",
      "unicode_decimal": 58947
    },
    {
      "icon_id": "1148898",
      "name": "招聘",
      "font_class": "zhaopin",
      "unicode": "e688",
      "unicode_decimal": 59016
    },
    {
      "icon_id": "1770881",
      "name": "清除",
      "font_class": "qingchu1",
      "unicode": "e656",
      "unicode_decimal": 58966
    },
    {
      "icon_id": "1929151",
      "name": "密码不一致",
      "font_class": "mimabuyizhi",
      "unicode": "e621",
      "unicode_decimal": 58913
    },
    {
      "icon_id": "2551573",
      "name": "正确",
      "font_class": "zhengque",
      "unicode": "e605",
      "unicode_decimal": 58885
    },
    {
      "icon_id": "3091986",
      "name": "密码隐藏",
      "font_class": "mimayincang",
      "unicode": "e774",
      "unicode_decimal": 59252
    },
    {
      "icon_id": "3199550",
      "name": "招聘录用",
      "font_class": "drxx59",
      "unicode": "e705",
      "unicode_decimal": 59141
    },
    {
      "icon_id": "3287614",
      "name": "账户",
      "font_class": "icon-",
      "unicode": "e6e6",
      "unicode_decimal": 59110
    },
    {
      "icon_id": "3745175",
      "name": "错误",
      "font_class": "cuowu",
      "unicode": "e61c",
      "unicode_decimal": 58908
    },
    {
      "icon_id": "4186772",
      "name": "收藏",
      "font_class": "shoucang",
      "unicode": "e630",
      "unicode_decimal": 58928
    },
    {
      "icon_id": "5270863",
      "name": "确认-充值成功",
      "font_class": "queren",
      "unicode": "e617",
      "unicode_decimal": 58903
    },
    {
      "icon_id": "6067193",
      "name": "喇叭",
      "font_class": "Z",
      "unicode": "e6b7",
      "unicode_decimal": 59063
    },
    {
      "icon_id": "6282758",
      "name": "密码显示",
      "font_class": "mimaxianshi",
      "unicode": "e6b4",
      "unicode_decimal": 59060
    },
    {
      "icon_id": "6544504",
      "name": "喇叭",
      "font_class": "laba",
      "unicode": "e6fd",
      "unicode_decimal": 59133
    },
    {
      "icon_id": "6582311",
      "name": "正确",
      "font_class": "zhengque1",
      "unicode": "e625",
      "unicode_decimal": 58917
    },
    {
      "icon_id": "6677881",
      "name": "账户",
      "font_class": "zhanghu",
      "unicode": "e610",
      "unicode_decimal": 58896
    },
    {
      "icon_id": "7325940",
      "name": "点赞",
      "font_class": "dianzan",
      "unicode": "e67c",
      "unicode_decimal": 59004
    },
    {
      "icon_id": "7338643",
      "name": "点赞",
      "font_class": "dianzan1",
      "unicode": "e6ae",
      "unicode_decimal": 59054
    },
    {
      "icon_id": "7387043",
      "name": "我的",
      "font_class": "wode",
      "unicode": "e619",
      "unicode_decimal": 58905
    },
    {
      "icon_id": "8094207",
      "name": "确认",
      "font_class": "queren1",
      "unicode": "e64b",
      "unicode_decimal": 58955
    },
    {
      "icon_id": "8783395",
      "name": "失物招领",
      "font_class": "dibudaohanglan-",
      "unicode": "e631",
      "unicode_decimal": 58929
    },
    {
      "icon_id": "9402945",
      "name": "正确",
      "font_class": "changyongicon-",
      "unicode": "e614",
      "unicode_decimal": 58900
    },
    {
      "icon_id": "9703099",
      "name": "垃圾桶",
      "font_class": "lajitong",
      "unicode": "e623",
      "unicode_decimal": 58915
    },
    {
      "icon_id": "9759229",
      "name": "招聘",
      "font_class": "zhaopin1",
      "unicode": "e627",
      "unicode_decimal": 58919
    },
    {
      "icon_id": "10148661",
      "name": "确认",
      "font_class": "queren2",
      "unicode": "e604",
      "unicode_decimal": 58884
    },
    {
      "icon_id": "10268405",
      "name": "密码_隐藏",
      "font_class": "mima_yincang",
      "unicode": "e666",
      "unicode_decimal": 58982
    },
    {
      "icon_id": "10635083",
      "name": "打叉",
      "font_class": "close",
      "unicode": "e608",
      "unicode_decimal": 58888
    },
    {
      "icon_id": "10706941",
      "name": "错误 wrong",
      "font_class": "cuowu1",
      "unicode": "e612",
      "unicode_decimal": 58898
    },
    {
      "icon_id": "11558844",
      "name": "更多操作",
      "font_class": "gengduocaozuo",
      "unicode": "e63f",
      "unicode_decimal": 58943
    },
    {
      "icon_id": "12279056",
      "name": "收藏",
      "font_class": "Collection_icon",
      "unicode": "e68f",
      "unicode_decimal": 59023
    },
    {
      "icon_id": "12646128",
      "name": "密码重置",
      "font_class": "mimazhongzhi",
      "unicode": "e731",
      "unicode_decimal": 59185
    },
    {
      "icon_id": "13409747",
      "name": "收藏",
      "font_class": "shoucang1",
      "unicode": "e654",
      "unicode_decimal": 58964
    },
    {
      "icon_id": "13579750",
      "name": "当季优惠",
      "font_class": "dangjiyouhui",
      "unicode": "e618",
      "unicode_decimal": 58904
    },
    {
      "icon_id": "13646837",
      "name": "邮箱",
      "font_class": "youxiang",
      "unicode": "e609",
      "unicode_decimal": 58889
    },
    {
      "icon_id": "13763395",
      "name": "密码可见",
      "font_class": "mimakejian",
      "unicode": "e613",
      "unicode_decimal": 58899
    },
    {
      "icon_id": "14443543",
      "name": "招聘申请",
      "font_class": "zhaopinshenqing",
      "unicode": "e60b",
      "unicode_decimal": 58891
    },
    {
      "icon_id": "14488532",
      "name": "收藏",
      "font_class": "ziyuan141",
      "unicode": "e788",
      "unicode_decimal": 59272
    },
    {
      "icon_id": "15644313",
      "name": "错误",
      "font_class": "cuowu2",
      "unicode": "e6bb",
      "unicode_decimal": 59067
    },
    {
      "icon_id": "16039777",
      "name": "我的",
      "font_class": "wode1",
      "unicode": "e640",
      "unicode_decimal": 58944
    },
    {
      "icon_id": "16563711",
      "name": "更多操作",
      "font_class": "cangpeitubiao_gengduocaozuo",
      "unicode": "e60e",
      "unicode_decimal": 58894
    },
    {
      "icon_id": "17822452",
      "name": "邮箱",
      "font_class": "youxiang1",
      "unicode": "e68b",
      "unicode_decimal": 59019
    },
    {
      "icon_id": "17967626",
      "name": "点赞",
      "font_class": "dianzan2",
      "unicode": "eea3",
      "unicode_decimal": 61091
    },
    {
      "icon_id": "18202483",
      "name": "线性优惠券",
      "font_class": "xianxingyouhuiquan",
      "unicode": "e60a",
      "unicode_decimal": 58890
    },
    {
      "icon_id": "18311746",
      "name": "邮箱",
      "font_class": "youxiang01",
      "unicode": "e660",
      "unicode_decimal": 58976
    },
    {
      "icon_id": "18460194",
      "name": "评论",
      "font_class": "pinglun",
      "unicode": "e601",
      "unicode_decimal": 58881
    },
    {
      "icon_id": "18460198",
      "name": "历史",
      "font_class": "lishi",
      "unicode": "e602",
      "unicode_decimal": 58882
    },
    {
      "icon_id": "18460200",
      "name": "收藏",
      "font_class": "shoucang2",
      "unicode": "e603",
      "unicode_decimal": 58883
    },
    {
      "icon_id": "18460204",
      "name": "首页",
      "font_class": "shouye1",
      "unicode": "e606",
      "unicode_decimal": 58886
    },
    {
      "icon_id": "18460208",
      "name": "验证码",
      "font_class": "yanzhengma",
      "unicode": "e60c",
      "unicode_decimal": 58892
    },
    {
      "icon_id": "18460210",
      "name": "我的",
      "font_class": "wode2",
      "unicode": "e60d",
      "unicode_decimal": 58893
    },
    {
      "icon_id": "18460213",
      "name": "作品",
      "font_class": "zuopin",
      "unicode": "e60f",
      "unicode_decimal": 58895
    },
    {
      "icon_id": "18522236",
      "name": "清除",
      "font_class": "qingchu2",
      "unicode": "e620",
      "unicode_decimal": 58912
    },
    {
      "icon_id": "18659488",
      "name": "密码状态",
      "font_class": "hanhan-01-01",
      "unicode": "e696",
      "unicode_decimal": 59030
    },
    {
      "icon_id": "18939020",
      "name": "提醒",
      "font_class": "tixing",
      "unicode": "e622",
      "unicode_decimal": 58914
    },
    {
      "icon_id": "18939022",
      "name": "首页",
      "font_class": "shouye2",
      "unicode": "e624",
      "unicode_decimal": 58916
    },
    {
      "icon_id": "18939034",
      "name": "推荐",
      "font_class": "tuijian",
      "unicode": "e626",
      "unicode_decimal": 58918
    },
    {
      "icon_id": "19073000",
      "name": "收纳箱",
      "font_class": "shounaxiang",
      "unicode": "e615",
      "unicode_decimal": 58901
    },
    {
      "icon_id": "19728639",
      "name": "笑脸",
      "font_class": "smile-fill",
      "unicode": "ebf1",
      "unicode_decimal": 60401
    }
  ]
}
